address,reentrancy-eth
0x01f8c4e3fa3edeb29e514cba738d87ce8c091d3f,1
0x039963c07e62eb7af39eeeb871cb2de9cbc65d78,1
0x0459ebad0ba09901fda1441ee72e6cb664257f61,1
0x0da76de0916ef2da3c58a97e4d09d501c56a9f15,1
0x0eb68f34efa0086e4136bca51fc4d0696580643e,1
0x0fb6ef1d9934eebdd16e760f6485b561c89c5e57,1
0x23a91059fdc9579a9fbd0edc5f2ea0bfdb70deb4,1
0x2a98d8fc14b31b346ff6c56dc2a252c434f628f2,0
0x2d5df43d54ae164a912db8de092cf707b446f693,1
0x3ac969b43affc4e0684dc52dc3072b109d0e348d,1
0x4320e6f8c05b27ab4707cd1f6d5ce6f3e4b3a5a1,1
0x463f235748bc7862deaa04d85b4b16ac8fafef39,1
0x4b23577c0672ab1e436097b7daceadb75e5721c6,1
0x4c67b3db1d4474c0ebb2db8bec4e345526d9e2fd,1
0x4e73b32ed6c35f570686b89848e5f39f20ecc106,1
0x561eac93c92360949ab1f1403323e6db345cbf31,1
0x59752433dbe28f5aa59b479958689d353b3dee08,1
0x6e3c384480e71792948c29e9fc8d7b9c9d75ae8f,1
0x7541b76cb60f4c60af330c208b0623b7f54bf615,1
0x7a8721a9d64c74da899424c1b52acbf58ddc9782,1
0x7b368c4e805c3870b6c49a3f1f49f69af8662cf3,1
0x83a3a9b3068911b55a3989df0e642f487d08e424,1
0x85179ac15aa94e3ca32dd1cc04664e9bb0062115,1
0x857a8d8aa8d83562f9118405335bd4a1fb523317,1
0x8c7777c45481dba411450c228cb692ac3d550344,1
0x93c32845fae42c83a70e5f06214c8433665c2ab5,1
0x95d34980095380851902ccd9a1fb4c813c2cb639,1
0x96edbe868531bd23a6c05e9d0c424ea64fb1b78b,1
0xa4c63e8b05df7db85db0ad37f8064f92338a2422,1
0xa4e1cbf64c3b5db2a6e6f23cb5286b97d80b86e3,1
0xa5d6accc5695327f65cbf38da29198df53efdcf0,1
0xaae1f51cf3339f18b6d3f3bdc75a5facd744b0b8,1
0xb3e396f500df265cdfde30ec6e80dbf99bee9e96,1
0xb4c05e6e4cdb07c15095300d96a5735046eef999,1
0xb5e1b1ee15c6fa0e48fce100125569d430f1bd12,1
0xb7c5c5aa4d42967efe906e1b66cb8df9cebf04f7,0
0xb93430ce38ac4a6bb47fb1fc085ea669353fd89e,1
0xbabfe0ae175b847543724c386700065137d30e3b,1
0xbaf51e761510c1a11bf48dd87c0307ac8a8c8a4f,1
0xbe4041d55db380c5ae9d4a9b9703f1ed4e7e3888,1
0xcb6fe98097fe7d6e00415bb6623d5fc3effa4e83,1
0xcead721ef5b11f1a7b530171aab69b16c5e66b6e,1
0xcef76ac06ee4dfaca24feaf000cd44cf43f30ce0,1
0xd116d1349c1382b0b302086a4e4219ae4f8634ff,1
0xdc5c87ba250b65a83042333f1101940b74312a65,0
0xdd17afae8a3dd1936d1113998900447ab9aa9bc0,1
0xdd71e35f680bb5adc77c6d1d9ef5793598e613dc,1
0xdf4b83a451ef20b925ce39f4da2a021722688370,1
0xe0b0831d52d970298fe4a9dd4fe3f22bcd130fae,1
0xe610af01f92f19679327715b426c35849c47c657,1
0xf015c35649c82f5467c9c74b7f28ee67665aad68,1
0xf281bad74a5a549ceced85dad57f47a671b07e51,1
0xfdb27beadad89f8282c51f5e5a4e77c1f19d7220,1
0x7bba1905aaf51ce8f62fbdc4f7153a1e088f651b,0
0xa94180d0cdd652b9791ddea3f934ead598348718,0
0xf032abb223f20fc3ca4deda24bfa68a485f4b161,0
0x08b464317039ec36ff876aff24288692b73aea19,0
0xcc6b626faba67507d2328364085e9c614879fbd5,0
0xf423d84678c9899c1b05fdce6b32d0d2b6fbf495,0
0x4492e2ad347e56e1cb0e3d2a2d352a4ff0bb9fd3,0
0x0d27b86fa2ad68d65100ae85e56d2eb687c398e9,0
0xceb0593b305736821867cede09d92dad4f045692,0
0x4b57233d6ce1560cde194571cd26df1ffbb816a8,0
0x9b528bf0639fc31ae6d698c48d830873227741f1,0
0x2ebbc0d4451444b838d40c94cd645d4e071d6386,0
0xf359d9e7da8794e77322f9bbd3f6e588665109be,0
0x62a2cc3889d65666a669533fe8f92a323fe2c9a8,0
0x930dfbdc5e9f1984a8d87de29d6a79fbb2bb7b32,0
0xe7027d083c2aed9d5799976ad94107def7375dc1,0
0x5c8266fbf78977e8b3c3fcc96cdd3cc21133ff9e,0
0xdb538c300613910a372355aff533fb7fe0a0b530,0
0xd401dc0351a007e36ff7509ec23b502e364d041e,0
0xb9387da35b756dfb23fde03867f27d389d485218,0
0xddcbad54d536d9c5829492353b2967bfae4010d7,0
0xc4888352c06799ac450d9e24563ef1d85cede3f6,0
0xfda85a51559ef43a52ba799eb9d940b6e0692ee9,0
0x2a5abd5ea0c06df73ed69bc5ecf0db9710467e83,0
0x081528cdadfca02b74dae6547d04d391c9a698fb,0
0x68986c46af1c348dc0cf2ae30037af57a0a6b36f,0
0xf291e9933c025910618803c26f0237efc17055f4,0
0x940259178fbf021e625510919bc2ff0b944e5613,0
0x329cd2d826e9bfe5de911194c105900ed32e0543,0
0xd909e09dcc85ffd142b3410169fc26b5000357f8,0
0x5e175c7bb537d53452a833c68c53c37a89473e17,0
0x8a6d34ca416923b01863564bcaaa0d92daeab8ab,0
0xb0b50a201dc284a319510c2a73db5d45358c32e9,0
0xf333392fa58adddaad1d779c063b9c3dc7756917,0
0x79667ce99bcd209eb439559df031f18ac8f71a44,0
0x2470906c2b5ed76f3abf09c49d57fdb70483edb7,0
0x43f5cc633dc1ac17acac2add3d3d5f2d9cfcdf22,0
0xd32c77ae87328903b2e586ad44b0ef915fef0190,0
0x06f183eff1cad7aeffe93a88145dd9f6266e6835,0
0xfe2c07c4863b3007761cd194fdcc4d154b4e96a0,0
0x12fb2394324124ca27ce0b6723b5cd9e9dafaaee,0
0xe8be1dda9155c1de7c28ffebd5849cdddc31aaa5,0
0x5f010310f7e9e71273514492354387039f7eef4b,0
0x9a33a92b408b07d3be90e9828731b21a7d794af4,0
0x4275525cfdd266885b34d03cd0291fc45ac5b275,0
0x742e8caa525436d3640904f07ce4d896a3b12e5d,0
0x508d5fada6871348a5b4fb66f4a1f58b187ce9bd,0
