Tool,Vulnerability,tp,fn,fp,tn,TPR (detection rate),TNR (specificity),FPR (false alarm),FNR (miss rate),Accuracy,Precision,Recall,F1,Average time per contract,Exp_,Exp,CR
Oyente,Elysium_reentrancy-eth,46,28,0,825,62.2,100.0,0.0,37.8,96.9,97.0,96.9,96.5,5.3,1,0.1,99.9
Osiris,Elysium_reentrancy-eth,69,6,0,825,92.0,100.0,0.0,8.0,99.3,99.3,99.3,99.3,63.6,0,0.0,100.0
Mythril,Elysium_reentrancy-eth,40,3,0,820,93.0,100.0,0.0,7.0,99.7,99.7,99.7,99.6,95.5,37,4.1,95.9
Mythril,Elysium_suicidal,0,819,0,44,0.0,100.0,0.0,100.0,5.1,0.3,5.1,0.5,95.5,37,4.1,95.9
eThor,Elysium_reentrancy-eth,68,0,1,1,100.0,50.0,50.0,0.0,98.6,98.6,98.6,98.3,250.0,830,92.2,7.8
DLVA,Elysium_suicidal,822,1,3,74,99.9,96.1,3.9,0.1,99.6,99.6,99.6,99.6,0.3,0,0.0,100.0
DLVA,Elysium_reentrancy-eth,74,1,4,821,98.7,99.5,0.5,1.3,99.4,99.5,99.4,99.4,0.3,0,0.0,100.0
SmartCheck,Elysium_reentrancy-eth,47,5,1,6,90.4,85.7,14.3,9.6,89.8,92.8,89.8,90.8,5.2,0,0.0,100.0
SoliAudit,Elysium_reentrancy-eth,40,11,1,0,78.4,0.0,100.0,21.6,76.9,95.7,76.9,85.3,42.4,7,11.9,88.1
SoliAudit,Elysium_suicidal,0,0,1,51,0.0,98.1,1.9,0.0,98.1,100.0,98.1,99.0,42.4,7,11.9,88.1
Slither,Elysium_reentrancy-eth,50,1,6,1,98.0,14.3,85.7,2.0,87.9,84.5,87.9,84.9,2.0,1,1.7,98.3
Slither,Elysium_suicidal,6,0,0,52,100.0,100.0,0.0,0.0,100.0,100.0,100.0,100.0,2.0,1,1.7,98.3
ConFuzzius,Elysium_reentrancy-eth,44,7,1,0,86.3,0.0,100.0,13.7,84.6,95.9,84.6,89.9,49.6,7,11.9,88.1
ConFuzzius,Elysium_suicidal,0,0,0,52,0.0,100.0,0.0,0.0,100.0,100.0,100.0,100.0,49.6,7,11.9,88.1
SAILFISH,Elysium_reentrancy-eth,31,16,0,6,66.0,100.0,0.0,34.0,69.8,91.8,69.8,75.3,26.0,6,10.2,89.8
Oyente,Reentrancy_reentrancy-eth,26,27,0,408,49.1,100.0,0.0,50.9,94.1,94.5,94.1,93.2,2.8,12,2.5,97.5
Osiris,Reentrancy_reentrancy-eth,51,2,3,405,96.2,99.3,0.7,3.8,98.9,98.9,98.9,98.9,13.7,12,2.5,97.5
Mythril,Reentrancy_reentrancy-eth,24,0,3,407,100.0,99.3,0.7,0.0,99.3,99.4,99.3,99.3,36.0,39,8.2,91.8
eThor,Reentrancy_reentrancy-eth,53,0,130,3,100.0,2.3,97.7,0.0,30.1,79.8,30.1,16.0,200.0,287,60.7,39.3
DLVA,Reentrancy_reentrancy-eth,50,3,0,420,94.3,100.0,0.0,5.7,99.4,99.4,99.4,99.4,0.15,0,0.0,100.0
SmartCheck,Reentrancy_reentrancy-eth,52,0,1,419,100.0,99.8,0.2,0.0,99.8,99.8,99.8,99.8,4.6,0,0.0,100.0
SoliAudit,Reentrancy_reentrancy-eth,42,10,5,327,80.8,98.5,1.5,19.2,96.1,96.0,96.1,96.0,5.3,88,18.6,81.4
Slither,Reentrancy_reentrancy-eth,51,1,0,399,98.1,100.0,0.0,1.9,99.8,99.8,99.8,99.8,0.9,21,4.4,95.6
ConFuzzius,Reentrancy_reentrancy-eth,50,2,0,309,96.2,100.0,0.0,3.8,99.4,99.4,99.4,99.4,32.2,111,23.5,76.5
SAILFISH,Reentrancy_reentrancy-eth,26,24,1,296,52.0,99.7,0.3,48.0,92.8,93.0,92.8,91.9,3.5,125,26.5,73.5
Oyente,SolidiFI_Re-entrancy,111,0,0,333,100.0,100.0,0.0,0.0,100.0,100.0,100.0,100.0,9.1,0,0.0,100.0
Oyente,SolidiFI_Timestamp-Dependency,1,110,19,314,0.9,94.3,5.7,99.1,70.9,56.8,70.9,62.6,9.1,0,0.0,100.0
Oyente,SolidiFI_Overflow-Underflow,99,12,267,66,89.2,19.8,80.2,10.8,37.2,70.2,37.2,34.5,9.1,0,0.0,100.0
Osiris,SolidiFI_Re-entrancy,101,10,0,333,91.0,100.0,0.0,9.0,97.7,97.8,97.7,97.7,50.9,0,0.0,100.0
Osiris,SolidiFI_Timestamp-Dependency,0,111,17,316,0.0,94.9,5.1,100.0,71.2,55.5,71.2,62.4,50.9,0,0.0,100.0
Osiris,SolidiFI_Overflow-Underflow,91,20,240,93,82.0,27.9,72.1,18.0,41.4,68.6,41.4,41.6,50.9,0,0.0,100.0
Mythril,SolidiFI_Re-entrancy,43,68,23,310,38.7,93.1,6.9,61.3,79.5,77.8,79.5,77.5,201.1,0,0.0,100.0
Mythril,SolidiFI_Timestamp-Dependency,68,43,15,318,61.3,95.5,4.5,38.7,86.9,86.5,86.9,86.3,201.1,0,0.0,100.0
Mythril,SolidiFI_Overflow-Underflow,30,81,85,248,27.0,74.5,25.5,73.0,62.6,63.1,62.6,62.8,201.1,0,0.0,100.0
Mythril,SolidiFI_tx.origin,88,23,7,326,79.3,97.9,2.1,20.7,93.2,93.2,93.2,93.1,201.1,0,0.0,100.0
SmartCheck,SolidiFI_Re-entrancy,111,0,0,333,100.0,100.0,0.0,0.0,100.0,100.0,100.0,100.0,5.6,0,0.0,100.0
SmartCheck,SolidiFI_Timestamp-Dependency,59,52,0,333,53.2,100.0,0.0,46.8,88.3,89.9,88.3,86.9,5.6,0,0.0,100.0
SmartCheck,SolidiFI_Overflow-Underflow,28,83,0,333,25.2,100.0,0.0,74.8,81.3,85.0,81.3,76.8,5.6,0,0.0,100.0
SmartCheck,SolidiFI_tx.origin,111,0,0,333,100.0,100.0,0.0,0.0,100.0,100.0,100.0,100.0,5.6,0,0.0,100.0
SoliAudit,SolidiFI_Re-entrancy,0,111,0,333,0.0,100.0,0.0,100.0,75.0,56.2,75.0,64.3,5.4,0,0.0,100.0
SoliAudit,SolidiFI_Timestamp-Dependency,110,1,21,312,99.1,93.7,6.3,0.9,95.0,95.8,95.0,95.2,5.4,0,0.0,100.0
SoliAudit,SolidiFI_Overflow-Underflow,98,13,282,51,88.3,15.3,84.7,11.7,33.6,66.2,33.6,29.2,5.4,0,0.0,100.0
SoliAudit,SolidiFI_tx.origin,111,0,7,326,100.0,97.9,2.1,0.0,98.4,98.5,98.4,98.4,5.4,0,0.0,100.0
eThor,SolidiFI_Re-entrancy,103,0,135,12,100.0,8.2,91.8,0.0,46.0,76.6,46.0,33.8,160.0,194,43.7,56.3
Slither,SolidiFI_Re-entrancy,111,0,0,333,100.0,100.0,0.0,0.0,100.0,100.0,100.0,100.0,0.9,0,0.0,100.0
Slither,SolidiFI_Timestamp-Dependency,111,0,20,313,100.0,94.0,6.0,0.0,95.5,96.2,95.5,95.6,0.9,0,0.0,100.0
Slither,SolidiFI_tx.origin,111,0,0,333,100.0,100.0,0.0,0.0,100.0,100.0,100.0,100.0,0.9,0,0.0,100.0
ConFuzzius,SolidiFI_Re-entrancy,55,54,2,326,50.5,99.4,0.6,49.5,87.2,88.5,87.2,85.6,32.3,7,1.6,98.4
ConFuzzius,SolidiFI_Overflow-Underflow,46,64,58,269,41.8,82.3,17.7,58.2,72.1,71.6,72.1,71.8,32.3,7,1.6,98.4
SAILFISH,SolidiFI_Re-entrancy,111,0,0,333,100.0,100.0,0.0,0.0,100.0,100.0,100.0,100.0,3.3,0,0.0,100.0
DLVA,SolidiFI_tx.origin,28,83,83,250,25.2,75.1,24.9,74.8,62.6,62.6,62.6,62.6,0.2,0,0.0,100.0
DLVA,SolidiFI_Timestamp-Dependency,27,84,84,249,24.3,74.8,25.2,75.7,62.2,62.2,62.2,62.2,0.2,0,0.0,100.0
DLVA,SolidiFI_Re-entrancy,35,76,76,257,31.5,77.2,22.8,68.5,65.8,65.8,65.8,65.8,0.2,0,0.0,100.0
DLVA,SolidiFI_Overflow-Underflow,29,82,80,253,26.1,76.0,24.0,73.9,63.5,63.3,63.5,63.4,0.2,0,0.0,100.0
